{"energy":{"0":-20.75159523,"1":-20.85843846,"2":-20.37220696,"3":-20.66371545,"4":-20.56047528,"5":-20.83217628,"6":-20.72436681,"7":-20.63575948,"8":-20.53174177,"9":-20.34235955,"10":-20.66371545,"11":-20.37220696,"12":-20.56047528,"13":-20.85843846,"14":-20.75159523,"15":-20.83217628,"16":-20.72436681,"17":-20.63575948,"18":-20.53174177,"19":-20.34235955},"pseudo":{"0":"bfd","1":"bfd","2":"bfd","3":"bfd","4":"bfd","5":"hgh","6":"hgh","7":"hgh","8":"hgh","9":"hgh","10":"bfd","11":"bfd","12":"bfd","13":"bfd","14":"bfd","15":"hgh","16":"hgh","17":"hgh","18":"hgh","19":"hgh"},"volume":{"0":83.5304,"1":91.1196,"2":67.4862,"3":78.7126,"4":74.0836,"5":91.1196,"6":83.5304,"7":78.7126,"8":74.0836,"9":67.4862,"10":78.7126,"11":67.4862,"12":74.0836,"13":91.1196,"14":83.5304,"15":91.1196,"16":83.5304,"17":78.7126,"18":74.0836,"19":67.4862}}