{"E":{"0":-480.62251126,"1":-480.57879372,"2":-480.54082407,"3":-480.49796054,"4":-480.42754639},"abs_mag":{"0":0.0,"1":0.0,"2":0.0,"3":0.0,"4":0.0},"abspath":{"0":"\/p\/lscratchh\/yang41\/30-pseudo\/7_mno_jtk_opt\/opt\/pbe-95\/scf","1":"\/p\/lscratchh\/yang41\/30-pseudo\/7_mno_jtk_opt\/opt\/pbe-98\/scf","2":"\/p\/lscratchh\/yang41\/30-pseudo\/7_mno_jtk_opt\/opt\/pbe-100\/scf","3":"\/p\/lscratchh\/yang41\/30-pseudo\/7_mno_jtk_opt\/opt\/pbe-102\/scf","4":"\/p\/lscratchh\/yang41\/30-pseudo\/7_mno_jtk_opt\/opt\/pbe-105\/scf"},"bands":{"0":{"up":{"eigs":[-62.729,-62.712,-32.1962,-32.055,-31.8063,-31.8063,-31.7898,-31.7898,-4.3614,-2.9427,7.4769,9.9672,9.9672,12.3225,12.3225,12.4501,14.4155,14.5799,14.5799,15.2553,15.2553,15.8752,15.8752,16.0769,17.7235],"occs":[1.0,1.0,1.0,1.0,1.0,1.0,1.0,1.0,1.0,1.0,1.0,1.0,1.0,1.0,1.0,1.0,1.0,1.0,1.0,1.0,1.0,0.0,0.0,0.0,0.0]}},"1":{"up":{"eigs":[-64.468,-64.4575,-33.8991,-33.8037,-33.5529,-33.5529,-33.5411,-33.5411,-5.4117,-4.2399,6.4218,8.767,8.767,10.8504,10.8504,10.9639,12.8142,12.9784,12.9784,13.5538,13.5538,14.0774,14.0774,14.2249,15.3487],"occs":[1.0,1.0,1.0,1.0,1.0,1.0,1.0,1.0,1.0,1.0,1.0,1.0,1.0,1.0,1.0,1.0,1.0,1.0,1.0,1.0,1.0,0.0,0.0,0.0,0.0]}},"2":{"up":{"eigs":[-65.5269,-65.5192,-34.9404,-34.8668,-34.6156,-34.6156,-34.6062,-34.6062,-6.0463,-5.0163,5.7892,8.0402,8.0402,9.9657,9.9657,10.0702,11.8347,11.9983,11.9983,12.5161,12.5161,12.9843,12.9843,13.1027,13.9348],"occs":[1.0,1.0,1.0,1.0,1.0,1.0,1.0,1.0,1.0,1.0,1.0,1.0,1.0,1.0,1.0,1.0,1.0,1.0,1.0,1.0,1.0,0.0,0.0,0.0,0.0]}},"3":{"up":{"eigs":[-66.5125,-66.5069,-35.9124,-35.8556,-35.6045,-35.6045,-35.5971,-35.5971,-6.6357,-5.7316,5.2065,7.3658,7.3658,9.1494,9.1494,9.2454,10.9192,11.0819,11.0819,11.5485,11.5485,11.9675,11.9675,12.0611,12.6417],"occs":[1.0,1.0,1.0,1.0,1.0,1.0,1.0,1.0,1.0,1.0,1.0,1.0,1.0,1.0,1.0,1.0,1.0,1.0,1.0,1.0,1.0,0.0,0.0,0.0,0.0]}},"4":{"up":{"eigs":[-67.8658,-67.8622,-37.251,-37.2124,-36.9623,-36.9623,-36.957,-36.957,-7.4464,-6.705,4.4155,6.4423,6.4423,8.039,8.039,8.1227,9.6556,9.8165,9.8165,10.2164,10.2164,10.5716,10.5716,10.6348,10.9042],"occs":[1.0,1.0,1.0,1.0,1.0,1.0,1.0,1.0,1.0,1.0,1.0,1.0,1.0,1.0,1.0,1.0,1.0,1.0,1.0,1.0,1.0,0.0,0.0,0.0,0.0]}}},"cputime":{"0":0.0025305556,"1":0.0027944444,"2":0.0022666667,"3":0.0027388889,"4":0.0037055556},"energies":{"0":[-480.62251126],"1":[-480.57879372],"2":[-480.54082407],"3":[-480.49796054],"4":[-480.42754639]},"forces":{"0":[[[0.0,0.0,0.0],[0.0,0.0,0.0],[0.00000503,0.00000503,0.00000503],[-0.00000503,-0.00000503,-0.00000503]]],"1":[[[0.0,0.0,0.0],[0.0,0.0,0.0],[0.00000181,0.00000181,0.00000181],[-0.00000181,-0.00000181,-0.00000181]]],"2":[[[0.0,0.0,0.0],[0.0,0.0,0.0],[0.00000289,0.00000289,0.00000289],[-0.00000289,-0.00000289,-0.00000289]]],"3":[[[0.0,0.0,0.0],[0.0,0.0,0.0],[0.00000177,0.00000177,0.00000177],[-0.00000177,-0.00000177,-0.00000177]]],"4":[[[0.0,0.0,0.0],[0.0,0.0,0.0],[-0.00006623,-0.00006623,-0.00006623],[0.00006623,0.00006623,0.00006623]]]},"infile_name":{"0":"pbe-95-scf.in","1":"pbe-98-scf.in","2":"pbe-100-scf.in","3":"pbe-102-scf.in","4":"pbe-105-scf.in"},"info":{"0":{"warn":false,"xml":false},"1":{"warn":false,"xml":false},"2":{"warn":false,"xml":false},"3":{"warn":false,"xml":false},"4":{"warn":false,"xml":false}},"input":{"0":{"control":{"disk_io":"low","wf_collect":true,"calculation":"scf","verbosity":"high","pseudo_dir":".\/","tprnfor":true,"prefix":"pwscf","restart_mode":"from_scratch","outdir":"pwscf_output","tstress":true},"k_points":{"specifier":"automatic","grid":[1.0,1.0,1.0],"shift":[0.0,0.0,0.0]},"system":{"ecutwfc":320.0,"nat":4,"input_dft":"pbe","occupations":"smearing","celldm(1)":1.0,"ibrav":0,"nosym":false,"degauss":0.0001,"smearing":"fermi-dirac","tot_charge":0.0,"exx_fraction":0.95,"ntyp":2,"ecutrho":1280.0},"cell_parameters":{"specifier":"cubic","vectors":[[7.94869284,3.97434641,3.97434641],[3.97434641,7.94869284,3.97434641],[3.97434641,3.97434641,7.94869284]]},"electrons":{"diagonalization":"david","mixing_mode":"plain","mixing_beta":0.7,"electron_maxstep":1000,"conv_thr":0.0000000001},"atomic_positions":{"specifier":"alat","positions":[[0.0,0.0,0.0],[7.94869284,7.94869284,7.94869284],[3.97434641,3.97434641,3.97434641],[11.92303925,11.92303925,11.92304986]],"atoms":["Mn","Mn","O","O"]},"atomic_species":{"specifier":"","masses":{"Mn":54.938,"O":15.999},"pseudopotentials":{"Mn":"Mn.opt.upf","O":"O.BFD.upf"},"atoms":["Mn","O"]}},"1":{"control":{"disk_io":"low","wf_collect":true,"calculation":"scf","verbosity":"high","pseudo_dir":".\/","tprnfor":true,"prefix":"pwscf","restart_mode":"from_scratch","outdir":"pwscf_output","tstress":true},"k_points":{"specifier":"automatic","grid":[1.0,1.0,1.0],"shift":[0.0,0.0,0.0]},"system":{"ecutwfc":320.0,"nat":4,"input_dft":"pbe","occupations":"smearing","celldm(1)":1.0,"ibrav":0,"nosym":false,"degauss":0.0001,"smearing":"fermi-dirac","tot_charge":0.0,"exx_fraction":0.98,"ntyp":2,"ecutrho":1280.0},"cell_parameters":{"specifier":"cubic","vectors":[[8.1997042,4.09985209,4.09985209],[4.09985209,8.1997042,4.09985209],[4.09985209,4.09985209,8.1997042]]},"electrons":{"diagonalization":"david","mixing_mode":"plain","mixing_beta":0.7,"electron_maxstep":1000,"conv_thr":0.0000000001},"atomic_positions":{"specifier":"alat","positions":[[0.0,0.0,0.0],[8.1997042,8.1997042,8.1997042],[4.09985209,4.09985209,4.09985209],[12.29955629,12.29955629,12.29956723]],"atoms":["Mn","Mn","O","O"]},"atomic_species":{"specifier":"","masses":{"Mn":54.938,"O":15.999},"pseudopotentials":{"Mn":"Mn.opt.upf","O":"O.BFD.upf"},"atoms":["Mn","O"]}},"2":{"control":{"disk_io":"low","wf_collect":true,"calculation":"scf","verbosity":"high","pseudo_dir":".\/","tprnfor":true,"prefix":"pwscf","restart_mode":"from_scratch","outdir":"pwscf_output","tstress":true},"k_points":{"specifier":"automatic","grid":[1.0,1.0,1.0],"shift":[0.0,0.0,0.0]},"system":{"ecutwfc":320.0,"nat":4,"input_dft":"pbe","occupations":"smearing","celldm(1)":1.0,"ibrav":0,"nosym":false,"degauss":0.0001,"smearing":"fermi-dirac","tot_charge":0.0,"exx_fraction":1.0,"ntyp":2,"ecutrho":1280.0},"cell_parameters":{"specifier":"cubic","vectors":[[8.3670451,4.18352254,4.18352254],[4.18352254,8.3670451,4.18352254],[4.18352254,4.18352254,8.3670451]]},"electrons":{"diagonalization":"david","mixing_mode":"plain","mixing_beta":0.7,"electron_maxstep":1000,"conv_thr":0.0000000001},"atomic_positions":{"specifier":"alat","positions":[[0.0,0.0,0.0],[8.3670451,8.3670451,8.3670451],[4.18352254,4.18352254,4.18352254],[12.55056764,12.55056764,12.55057881]],"atoms":["Mn","Mn","O","O"]},"atomic_species":{"specifier":"","masses":{"Mn":54.938,"O":15.999},"pseudopotentials":{"Mn":"Mn.opt.upf","O":"O.BFD.upf"},"atoms":["Mn","O"]}},"3":{"control":{"disk_io":"low","wf_collect":true,"calculation":"scf","verbosity":"high","pseudo_dir":".\/","tprnfor":true,"prefix":"pwscf","restart_mode":"from_scratch","outdir":"pwscf_output","tstress":true},"k_points":{"specifier":"automatic","grid":[1.0,1.0,1.0],"shift":[0.0,0.0,0.0]},"system":{"ecutwfc":320.0,"nat":4,"input_dft":"pbe","occupations":"smearing","celldm(1)":1.0,"ibrav":0,"nosym":false,"degauss":0.0001,"smearing":"fermi-dirac","tot_charge":0.0,"exx_fraction":1.02,"ntyp":2,"ecutrho":1280.0},"cell_parameters":{"specifier":"cubic","vectors":[[8.534386,4.26719299,4.26719299],[4.26719299,8.534386,4.26719299],[4.26719299,4.26719299,8.534386]]},"electrons":{"diagonalization":"david","mixing_mode":"plain","mixing_beta":0.7,"electron_maxstep":1000,"conv_thr":0.0000000001},"atomic_positions":{"specifier":"alat","positions":[[0.0,0.0,0.0],[8.534386,8.534386,8.534386],[4.26719299,4.26719299,4.26719299],[12.80157899,12.80157899,12.80159038]],"atoms":["Mn","Mn","O","O"]},"atomic_species":{"specifier":"","masses":{"Mn":54.938,"O":15.999},"pseudopotentials":{"Mn":"Mn.opt.upf","O":"O.BFD.upf"},"atoms":["Mn","O"]}},"4":{"control":{"disk_io":"low","wf_collect":true,"calculation":"scf","verbosity":"high","pseudo_dir":".\/","tprnfor":true,"prefix":"pwscf","restart_mode":"from_scratch",