{"energy":{"0":-485.91519153,"1":-485.9000761,"2":-485.86392471,"3":-485.92067731,"4":-485.90952191,"5":-480.0855022,"6":-480.04340101,"7":-480.16490968,"8":-480.12262829,"9":-479.97399178},"pseudo":{"0":"bfd","1":"bfd","2":"bfd","3":"bfd","4":"bfd","5":"hgh","6":"hgh","7":"hgh","8":"hgh","9":"hgh"},"volume":{"0":292.8777,"1":310.8042,"2":339.0426,"3":275.6542,"4":251.106,"5":292.8777,"6":310.8042,"7":251.106,"8":275.6542,"9":339.0426}}